filename,pred_latitude_scaled,pred_longitude_scaled,pred_latitude,pred_longitude,true_latitude_scaled,true_longitude_scaled,true_latitude,true_longitude
img_0000.jpg,0.48509402553502556,0.7649408853943535,219667.78536658248,144763.8322686263,219698.0,144782.0,865608200.0,802811900.0
img_0001.jpg,0.5950329611267375,0.6749928712052315,220100.83483387824,144265.1604779618,220182.0,144211.0,867514600.0,799646300.0
img_0002.jpg,0.6366155368007262,0.638612652622766,220264.62859945805,144063.46854614062,220182.0,144211.0,867514600.0,799646300.0
img_0003.jpg,0.58544934418323,0.25035063552869263,220063.08496673775,141910.9439233711,220195.0,141942.0,867565900.0,787066940.0
img_0004.jpg,0.6460889137022022,0.30768171906831854,220301.94423107296,142228.78745051476,220437.0,142673.0,868519100.0,791119600.0
img_0005.jpg,0.5917422659595044,0.17426400566652206,220087.87278561448,141489.1196474152,220027.0,141543.0,866904100.0,784854900.0
img_0006.jpeg,0.5521001034609632,0.658481471392208,219931.72230753276,144173.6212773984,219888.0,144179.0,866356600.0,799468860.0
img_0007.jpeg,0.5310178105774326,0.6677472778926703,219848.67915586452,144224.99090863697,219868.0,144255.0,866277800.0,799890240.0
img_0008.jpeg,0.5279600154549466,0.535271659631906,219836.63450087703,143490.5460809993,219630.0,143353.0,865340350.0,794889540.0
img_0009.png,0.6056826317442949,0.369277538038366,220142.7838864408,142570.2746708847,220054.0,142589.0,867010400.0,790653950.0
img_0010.png,0.6408627734128295,0.3165466598755848,220281.35846447313,142277.93468235026,220311.0,142262.0,868022800.0,788841000.0
img_0011.png,0.5872416993198192,0.37968788913737334,220070.14505362077,142627.9896573776,220054.0,142589.0,867010400.0,790653950.0
img_0012.jpeg,0.3475415788486003,0.1252986017617864,219125.96627908465,141217.65544816735,219145.0,141132.0,863429900.0,782576300.0
img_0013.jpeg,0.3096164555793335,0.09619044801462419,218976.57921852698,141056.27984379308,219159.0,141137.0,863485060.0,782604000.0
img_0014.jpeg,0.4114203226032175,0.15872336186990735,219377.5846507341,141402.96231820676,219255.0,141249.0,863863200.0,783224960.0
img_0015.jpg,0.5196743596893321,0.7573332637766185,219803.99730281628,144721.65561437758,219837.0,144660.0,866155700.0,802135550.0
img_0016.jpg,0.5015598473775333,0.7601886455719205,219732.64423882012,144737.48585105073,219757.0,144790.0,865840600.0,802856260.0
img_0017.jpg,0.5431683084762111,0.7350014669117411,219896.5399670878,144597.8481325587,219939.0,144584.0,866557500.0,801714200.0
img_0018.jpeg,0.7217551125230328,0.5635433872080661,220599.99338822823,143647.28453868153,220507.0,143742.0,868794800.0,797046140.0
img_0019.jpeg,0.8426801546296747,0.47768067957479915,221076.3171290863,143171.26168756268,221232.0,143093.0,871650600.0,793448100.0
img_0020.jpeg,0.8481694389632201,0.4850592748520388,221097.93942007612,143212.1686197797,221181.0,143042.0,871449700.0,793165400.0
img_0021.jpg,0.6636478477882457,0.6507268102958945,220371.1088724379,144130.62943628043,220390.0,144162.0,868333950.0,799374660.0
img_0022.jpg,0.5128242505442966,0.7480018968373587,219777.014722894,144669.92251606632,219414.0,145294.0,864489500.0,805650400.0
img_0023.jpg,0.5053502129901936,0.7582759029614982,219747.57448896838,144726.88160601855,219702.0,144937.0,865623940.0,803671230.0
img_0024.jpeg,0.229130204498585,0.6747896253741035,218659.54387551994,144264.03368307403,218955.0,144014.0,862681500.0,798554100.0
img_0025.jpeg,0.22988504025641854,0.6714821354674317,218662.51717357006,144245.69695903145,218598.0,144401.0,861275260.0,800699650.0
img_0026.jpeg,0.2695009301743919,0.6574048573597087,218818.56416395697,144167.65252920223,218862.0,144152.0,862315200.0,799319200.0
img_0027.jpg,0.9339014305933475,0.38853353450533645,221435.6377351072,142677.02991529758,221595.0,142609.0,873080450.0,790764800.0
img_0028.jpg,0.7832713034631257,0.5229367129753837,220842.30566434126,143422.16113673552,220922.0,143506.0,870429500.0,795737800.0
img_0029.jpg,0.9637515774894685,0.3765887106450756,221553.21746373104,142610.8078118163,221636.0,142560.0,873242000.0,790493100.0
img_0030.jpg,0.34452949225616675,0.9217247396647733,219114.10166999704,145633.04195670152,219263.0,145834.0,863894700.0,808644200.0
img_0031.jpg,0.23278722968515045,0.8427912758317979,218673.94889772983,145195.43483321148,218458.0,145081.0,860723840.0,804469570.0
img_0032.jpg,0.2308479231106259,0.833012678062619,218666.30996913277,145141.22228717917,218682.0,145249.0,861606140.0,805400960.0
img_0033.jpg,0.7607800548884127,0.5332560428095641,220753.71263620548,143479.37150133622,220600.0,143753.0,869161150.0,797107140.0
img_0034.jpg,0.7525337831935011,0.5441287860327988,220721.23057199921,143539.64998976587,220783.0,143478.0,869882000.0,795582500.0
img_0035.jpg,0.7551091385810331,0.5419431038059912,220731.3748968707,143527.53256750043,220938.0,143366.0,870492540.0,794961600.0
img_0036.jpg,0.7753674899514046,0.5533063481004479,220811.1725429186,143590.5303938689,220766.0,143716.0,869815040.0,796902000.0
img_0037.jpg,0.8780008906297836,0.4505557652540042,221215.44550819072,143020.8811625682,221229.0,143149.0,871638800.0,793758600.0
img_0038.jpg,0.8790840700872787,0.4489571239586725,221219.7121520738,143012.01829522688,221274.0,142971.0,871816060.0,792771700.0
img_0039.jpeg,0.1545005695985645,0.7703927719963175,218365.57774364876,144794.0575279476,218285.0,144779.0,860042400.0,802795260.0
img_0040.jpeg,0.2403604926863374,0.8433922883178709,218703.77998069147,145198.7668464343,219014.0,145452.0,862913900.0,806526400.0
img_0041.jpeg,0.12490518850344418,0.7610386594753865,218249.00153751508,144742.19832813155,218285.0,144779.0,860042400.0,802795260.0
img_0042.jpg,0.5971811409801536,0.3509469267106968,220109.29651432083,142468.64976168412,220259.0,142339.0,867818000.0,789267900.0
img_0043.jpg,0.6406112263519028,0.32722319095530644,220280.36762060015,142337.12537065623,220324.0,142265.0,868074000.0,788857660.0
img_0044.jpg,0.5914019309605087,0.4096328473724411,220086.53220605344,142794.00450583283,219995.0,142669.0,866778050.0,791097500.0
img_0045.jpeg,0.5425741530561565,0.6701209386752004,219894.1995888882,144238.15048401532,219892.0,144220.0,866372350.0,799696200.0
img_0046.jpeg,0.5237898050050085,0.544405023580762,219820.20804191474,143541.18145073176,220009.0,143731.0,866833200.0,796985150.0
img_0047.jpeg,0.5067169942681842,0.6583033190007761,219752.9582404224,144172.6336005403,219781.0,144379.0,865935100.0,800577660.0
img_0048.jpg,0.7034637963707777,0.33932162708868174,220527.9438939045,142404.19910057966,220445.0,142329.0,868550600.0,789212500.0
img_0049.jpg,0.7270391579209288,0.3637991181220124,220620.80724305054,142539.90231086846,220839.0,142729.0,870102600.0,791430100.0
img_0050.jpg,0.754869886636883,0.39500314740181297,220730.43248346268,142712.89744919565,220839.0,142729.0,870102600.0,791430100.0
img_0051.jpeg,0.323590488360353,0.602720329021472,219031.62293365144,143864.48150409505,218931.0,144040.0,862586940.0,798698240.0
img_0052.jpeg,0.30358564067891913,0.6258655012693854,218952.82383863427,143992.7983390375,219039.0,143920.0,863012350.0,798032960.0
img_0053.jpeg,0.33110803769119546,0.6078759665861012,219061.23456046561,143893.06435875336,218931.0,144040.0,862586940.0,798698240.0
img_0054.jpg,0.7112923127057186,0.3545428175300498,220558.7804197478,142488.5853803866,220472.0,142395.0,868656960.0,789578400.0
img_0055.jpg,0.7747008106810406,0.39617519605634066,220808.54649327262,142719.39528693637,220562.0,142441.0,869011460.0,789833400.0
img_0056.jpg,0.7443994435035881,0.36872545664247314,220689.18940796066,142567.21393162588,220728.0,142595.0,869665340.0,790687170.0
img_0057.jpg,0.5500934841090104,0.23981287635831977,219923.81823390542,141852.5225865305,219961.0,141846.0,866644160.0,786534700.0
img_0058.jpg,0.5499714767163514,0.1930407447347653,219923.33764678572,141593.21788880954,219833.0,141798.0,866139970.0,786268600.0
img_0059.jpg,0.6323211925159212,0.29999020651425307,220247.71317732023,142186.14570491502,220307.0,142150.0,868007040.0,788220100.0
img_0060.JPEG,0.5341463124383375,0.7404440737679627,219861.00232469462,144628.0219449696,219878.0,144708.0,866317200.0,802401660.0
img_0061.JPEG,0.41562671355757563,0.8476553175296109,219394.15362470332,145222.40108038418,219266.0,145498.0,863906500.0,806781440.0
img_0062.JPEG,0.6273986813410418,0.6591238255679931,220228.32340580237,144177.18248894895,220295.0,144267.0,867959740.0,799956740.0
img_0063.png,0.5715273179971294,0.5670593044893109,220008.24610559072,143666.77678408875,219968.0,143687.0,866671700.0,796741250.0
img_0064.png,0.5575146288490491,0.5666695224429041,219953.0501230364,143664.61583242347,219875.0,143687.0,866305400.0,796741250.0
img_0065.png,0.5001684391932342,0.5187968515522378,219727.16348198216,143399.20974500562,219660.0,143426.0,865458500.0,795294300.0
img_0066.png,0.35934035354068905,0.13499090028898447,219172.44165259678,141271.38955120213,219319.0,141300.0,864115260.0,783507700.0
img_0067.png,0.286235050136491,0.08259612731863324,218884.47986248764,140980.91292985453,218983.0,141055.0,862791800.0,782149440.0
img_0068.png,0.38928244951149604,0.15590036428235557,219290.3835686258,141387.3116195814,219319.0,141300.0,864115260.0,783507700.0
img_0069.jpg,0.6344247773892921,0.5674014711225293,220255.99919813644,143668.67375590332,220399.0,143648.0,868369400.0,796525000.0
img_0070.jpg,0.6022209620722699,0.5402052331540523,220129.14836960268,143517.89781260607,220110.0,143591.0,867231040.0,796209000.0
img_0071.jpg,0.6035189921513646,0.5526483096041366,220134.26131008423,143586.88222844535,220088.0,143651.0,867144400.0,796541630.0
img_0072.jpg,0.5877145000248325,0.2716840804036583,220072.00741559782,142029.2165417579,220051.0,141985.0,866998660.0,787305340.0
img_0073.jpg,0.5689431624981982,0.21886622238542092,219998.0671170804,141736.39433690478,219995.0,141504.0,866778050.0,784638660.0
img_0074.jpg,0.5536529544428581,0.2496114177006517,219937.83898755044,141906.84569973242,219812.0,141731.0,866057200.0,785897150.0
img_0075.jpeg,0.1683757492307052,0.7338933045357567,218420.23207621975,144591.70448034623,218374.0,144714.0,860392960.0,802434940.0
img_0076.jpeg,0.18975431325205724,0.7271196193639093,218504.4422398999,144554.15116975352,218484.0,144604.0,860826240.0,801825100.0
img_0077.jpeg,0.27063123512398624,0.6539090896696976,218823.0164351534,144148.27199312882,218885.0,144095.0,862405760.0,799003200.0
img_0078.jpg,0.19964466316468285,0.7322149357906957,218543.4003282057,144582.39960402364,218303.0,144697.0,860113300.0,802340700.0
img_0079.jpg,0.17358526462443757,0.7200592468514653,218440.75235735567,144515.00846454455,218444.0,144631.0,860668700.0,801974800.0
img_0080.jpg,0.16561902465230838,0.7453143223613865,218409.37333810545,144655.02260317153,218303.0,144697.0,860113300.0,802340700.0
img_0081.jpg,0.20347092464418187,0.7199101669676877,218558.47197217343,144514.18196566886,218405.0,144593.0,860515100.0,801764100.0
img_0082.jpg,0.201663688709516,0.7171093911135422,218551.3532698268,144498.6544643335,218399.0,144739.0,860491400.0,802573500.0
img_0083.jpg,0.2676822876195173,0.6753787104854202,218811.4005309333,144267.29957093118,218712.0,144294.0,861724350.0,800106430.0
img_0084.jpg,0.2604416230575154,0.8460047292230498,218782.87955322358,145213.2502188126,219027.0,145631.0,862965100.0,807518800.0
img_0085.jpg,0.3330062489792688,0.8798411860667409,219068.71161472934,145400.83953555403,218901.0,145448.0,862468800.0,806504200.0
img_0086.jpg,0.16624856959879614,0.7738591739300635,218411.8531156497,144813.27526026827,218499.0,144855.0,860885300.0,803216640.0
img_0087.jpeg,0.19726907188189458,0.5215774483903117,218534.0428741428,143414.6253738759,218568.0,143412.0,861157100.0,795216640.0
img_0088.jpeg,0.03757306442989618,0.6685285372132944,217905.0003007894,144229.32221031052,217811.0,144391.0,858175300.0,800644200.0
img_0089.jpeg,0.05362778868169356,0.7016652147450846,217968.2398596172,144413.03195054675,217842.0,144458.0,858297400.0,801015700.0
img_0090.png,0.632472831569289,0.5522330821155721,220248.31048355144,143584.58020724874,220230.0,143473.0,867703740.0,795554800.0
img_0091.png,0.644367871942979,0.5559786584970623,220295.1650475834,143605.3456827077,220343.0,143591.0,868148800.0,796209000.0
img_0092.png,0.6385597892537586,0.5851064020380066,220272.28700987058,143766.82989289874,220056.0,143680.0,867018400.0,796702400.0
img_0093.jpg,0.5979700341721863,0.2932636958675202,220112.40396460425,142148.85392988953,220098.0,142105.0,867183740.0,787970600.0
img_0094.jpg,0.5957820066920569,0.2741576971635096,220103.78532436,142042.9302730745,219864.0,141852.0,866262100.0,786568000.0
img_0095.jpg,0.5554213915452023,0.23893291205312164,219944.80486129655,141847.64406442252,219998.0,41973.0,866789900.0,232838830.0
img_0096.jpg,0.31939666558156105,0.10085129249032158,219015.10346572578,141082.11956556636,219063.0,141069.0,863106900.0,782227100.0
img_0097.jpg,0.4297699926103459,0.1715809840839876,219449.86400089215,141474.24497576163,219333.0,141277.0,864170430.0,783380200.0
img_0098.jpg,0.4216650522158426,0.16774403821679257,219417.9386406782,141452.9729478739,219795.0,141731.0,865990300.0,785897150.0
img_0099.jpg,0.8066649909999826,0.5303112120478715,220934.45339954895,143463.0453595934,220960.0,143476.0,870579200.0,795571460.0
img_0100.jpg,0.8730579265610254,0.4491664210745443,221195.97517272388,143013.17863843727,221209.0,143037.0,871560000.0,793137660.0
img_0101.jpg,0.7432346624396861,0.5777574272112196,220684.60133534993,143726.08717645903,220746.0,143714.0,869736260.0,796890940.0
img_0102.jpeg,0.5787550437476057,0.5745164225088206,220036.71611732183,143708.11904638892,220041.0,143729.0,866959200.0,796974100.0
img_0103.jpeg,0.6260838822932542,0.6406672318821598,220223.14441235314,144074.85913355468,220144.0,144199.0,867365000.0,799579800.0
img_0104.jpeg,0.5361320086270304,0.6941862798219651,219868.82398198187,144371.56873533298,219805.0,144373.0,866029630.0,800544450.0
img_0105.jpeg,0.3626505151149882,0.9131087820211308,219185.48037903794,145585.27508752514,219471.0,146068.0,864714050.0,809941500.0
img_0106.jpeg,0.18597466821396946,0.78895098454053,218489.55421809485,144896.9442582927,218427.0,144947.0,860601700.0,803726660.0
img_0107.jpeg,0.3222703809226925,0.8883288759285557,219026.42303045452,145447.8952881479,219125.0,145651.0,863351100.0,807629630.0
img_0108.jpg,0.44195128304004694,0.7937765285966197,219497.84610389476,144923.69707453967,219678.0,144812.0,865529400.0,802978240.0
img_0109.jpg,0.4541484135375511,0.7868827546598977,219545.89060092444,144885.4779918345,219678.0,144812.0,865529400.0,802978240.0
img_0110.jpg,0.46134156889400246,0.7886804936710141,219574.22443987348,144895.4446569121,220103.0,144326.0,867203460.0,800283840.0
img_0111.jpg,0.5793685877424594,0.25713916037088735,220039.13286711756,141948.5795050962,219865.0,141823.0,866266000.0,786407230.0
img_0112.jpg,0.6389015031844885,0.30534030529143075,220273.6330210437,142215.80665253568,220334.0,142244.0,868113400.0,788741250.0
img_0113.jpg,0.5351037468001492,0.2437233994062472,219864.77365864578,141874.20252630825,220048.0,141953.0,866986800.0,787127940.0
img_0114.png,0.19667479205652882,0.7838289642524516,218531.70200591066,144868.54777781558,218731.0,145286.0,861799200.0,805606100.0
img_0115.png,0.13231672685491355,0.7338297361192639,218278.1955870815,144591.3520570452,218267.0,144886.0,859971460.0,803388500.0
img_0116.png,0.3642952401263604,0.9023182172458075,219191.95895085775,145525.45219641077,219311.0,145824.0,864083800.0,808588740.0
img_0117.jpg,0.7506692393395081,0.5418004103425944,220713.88613375832,143526.74147493936,221063.0,143124.0,870984900.0,793620000.0
img_0118.jpg,0.7779292956308663,0.518461740942249,220821.26349549,143397.35189178385,220912.0,143354.0,870390140.0,794895100.0
img_0119.jpg,0.7582425543606741,0.5465855409938496,220743.71742162673,143553.2702392699,220604.0,143738.0,869176900.0,797024000.0
img_0120.jpeg,0.7053714659688929,0.6051930684766953,220535.45820445148,143878.1903716348,220594.0,143842.0,869137540.0,797600600.0
img_0121.jpeg,0.6787993352346153,0.572306036526691,220430.79058148916,143695.86466650397,220386.0,143980.0,868318200.0,798365630.0
img_0122.jpeg,0.656523071717805,0.5901565412009172,220343.04437949645,143794.8278644179,220403.0,143982.0,868385150.0,798376700.0
img_0123.jpeg,0.5002194412537425,0.5282907081318243,219727.3643790985,143451.84368588284,219628.0,143368.0,865332400.0,794972700.0
img_0124.jpeg,0.5744570765082766,0.5795742962487391,220019.7864243661,143736.159898403,220055.0,143749.0,867014400.0,797085000.0
img_0125.jpeg,0.5285048556835189,0.5348560525589334,219838.7806265374,143488.24195538674,219905.0,143608.0,866423550.0,796303200.0
img_0126.jpg,0.3498664672416285,0.8951303605052818,219135.12401446476,145485.60271864128,219214.0,145329.0,863701700.0,805844500.0
img_0127.jpg,0.43995809777937245,0.79858633253671,219489.99494715297,144950.36262758353,219512.0,145024.0,864875500.0,804153540.0
img_0128.jpg,0.49143819482174356,0.7507934606260748,219692.77504940287,144685.39894571097,219751.0,144698.0,865816960.0,802346240.0
img_0129.jpeg,0.2747524558970894,0.6566662433278148,218839.24992377864,144163.55765300943,218800.0,144202.0,862071000.0,799596400.0
img_0130.jpeg,0.24951219720814943,0.671651991108279,218739.8285448029,144246.63863870432,218701.0,144281.0,861680960.0,800034370.0
img_0131.jpeg,0.180277603455254,0.7127784368977055,218467.11348001024,144474.64365416087,218446.0,144604.0,860676540.0,801825100.0
img_0132.jpg,0.32830140324296775,0.6007872072813567,219050.17922737406,143853.76427716785,219020.0,143827.0,862937540.0,797517400.0
img_0133.jpg,0.33802660908317106,0.5892066898746375,219088.48681317864,143789.561888665,218952.0,144183.0,862669700.0,799491100.0
img_0134.jpg,0.3661780490635174,0.57494464448431,219199.37533526123,143710.49310902104,219048.0,143731.0,863047800.0,796985150.0
img_0135.jpg,0.8002462355649143,0.5347234739272555,220909.1699218902,143487.5069394527,220907.0,143506.0,870370400.0,795737800.0
img_0136.jpg,0.8944919244716596,0.4401489876860716,221280.40369049387,142963.1859877316,221263.0,142921.0,871772740.0,792494500.0
img_0137.jpg,0.825484093358273,0.487960402446543,221008.58184373824,143228.25247116364,221019.0,143374.0,870811600.0,795005950.0
img_0138.jpg,0.1708584187780109,0.7953396810590492,218430.0113115666,144932.36319179137,218333.0,144897.0,860231400.0,803449500.0
img_0139.jpg,0.17900623539473362,0.7795705914987499,218462.10556121985,144844.93935926908,218464.0,145038.0,860747460.0,804231200.0
img_0140.jpg,0.2952136196014986,0.8786389866130726,218919.8464476103,145394.17454178288,218920.0,145404.0,862543600.0,806260300.0
img_0141.jpg,0.16671785952842616,0.5455566988312073,218413.70164868247,143547.5663383202,218575.0,143427.0,861184700.0,795299800.0
img_0142.jpg,0.08039771288154317,0.6192520144496942,218073.6865910404,143956.1331681091,218254.0,143833.0,859920260.0,797550660.0
img_0143.jpg,0.11849161492120183,0.5965095161246312,218223.73847117464,143830.04875739495,218264.0,143832.0,859959700.0,797545100.0
img_0144.jpg,0.7914366575930118,0.41705914942249844,220874.46899425887,142835.17592439835,221081.0,142966.0,871055800.0,792744000.0
img_0145.jpg,0.7042229165359576,0.34901141489464654,220530.93406823513,142457.91928417594,250524.0,142393.0,987031800.0,789567300.0
img_0146.jpg,0.6888768255042798,0.34201085072864623,220470.48581566138,142419.10815643962,250524.0,142393.0,987031800.0,789567300.0
img_0147.jpg,0.5337509389591548,0.6483846793926175,219859.44494856012,144117.6446625527,219841.0,144245.0,866171460.0,799834800.0
img_0148.jpg,0.4596828116058556,0.48902008639917094,219567.69059491548,143234.127358997,219571.0,143302.0,865107900.0,794606800.0
img_0149.jpg,0.5553175920450115,0.6543545857950603,219944.3959950653,144150.74182364784,219899.0,144190.0,866399940.0,799529860.0
img_0150.jpg,0.7912094278449371,0.5278573646266584,220873.57393628123,143449.4412294902,220914.0,143575.0,870398000.0,796120300.0
img_0151.jpg,0.7924854456947434,0.5174618400615547,220878.6001705916,143391.80844130125,220938.0,143309.0,870492540.0,794645600.0
img_0152.jpg,0.9053245950893511,0.4310205464500534,221323.07358005698,142912.5779095191,221188.0,143068.0,871477300.0,793309500.0
img_0153.jpg,0.4553192022316299,0.18493453717238434,219550.50233759038,141548.27707408371,219225.0,141188.0,863745000.0,782886800.0
img_0154.jpg,0.4638973144509323,0.197925887577659,219584.29152162222,141620.30112073052,219462.0,141445.0,864678600.0,784311600.0
img_0155.jpg,0.48430624894863605,0.20049257610944476,219664.68231460868,141634.53084195076,219462.0,141445.0,864678600.0,784311600.0
img_0156.jpg,0.8507046009960142,0.4561635093771005,221107.9254233233,143051.97049598664,221547.0,142722.0,872891400.0,791391300.0
img_0157.jpg,0.9590813621875067,0.3915347229612621,221534.82148565658,142693.66850409724,221462.0,142662.0,872556540.0,791058600.0
img_0158.jpg,0.9857998418393088,0.36849042363974804,221640.06557700504,142565.91090865879,221626.0,135367.0,873202560.0,750615200.0
img_0159.jpg,0.6930525238150129,0.5946181406335713,220486.93389130733,143819.56297167254,38340.0,254.0,151239000.0,1548699.0
img_0160.jpg,0.670774593222065,0.5805951004229162,220399.1811227017,143741.81923674466,38350.0,284.0,151278400.0,1715019.0
img_0161.jpg,0.683405348686977,0.5980188110440181,220448.933668478,143838.41628842804,38364.0,216.0,151333550.0,1338027.0
img_0162.jpg,0.3054470461052293,0.8761685592488548,218960.1559146085,145380.47849247564,218977.0,145496.0,862768100.0,806770300.0
img_0163.jpg,0.14773270353750698,0.7435129251295138,218338.91911923426,144645.03565691804,218288.0,144830.0,860054200.0,803078000.0
img_0164.jpg,0.3484634310871229,0.9143006348758131,219129.5974550522,145591.88271975153,219203.0,145770.0,863658400.0,808289400.0
img_0165.jpg,0.019285065351884713,0.69596482577546,217832.9638724211,144381.42899409914,217812.0,144402.0,858179200.0,800705200.0
img_0166.jpg,0.11583506553829588,0.5996913774553901,218213.27432315538,143847.68899661268,218216.0,143896.0,859770560.0,797899900.0
img_0167.jpg,0.029696719222743903,0.6991966619712964,217873.9753770184,144399.34629396888,217812.0,144402.0,858179200.0,800705200.0
img_0168.png,0.15335909320880697,0.7334194355033933,218361.0814681495,144589.07735043083,218647.0,143974.0,861468300.0,798332350.0
img_0169.png,0.2597961517974748,0.6557857676937623,218780.33704193027,144158.67629609423,218647.0,143974.0,861468300.0,798332350.0
img_0170.png,0.18828318779792386,0.7198193285773379,218498.64747673602,144513.67835763277,218551.0,144500.0,861090100.0,801248500.0
img_0171.jpg,0.5561548904085611,0.19603732740799312,219947.69411331933,141609.83094314992,219902.0,141642.0,866411700.0,785403800.0
img_0172.jpg,0.5602680575639494,0.2139334494360799,219963.89587874443,141709.04704367364,219902.0,141642.0,866411700.0,785403800.0
img_0173.jpg,0.5669794455787052,0.16308906875686152,219990.33203613452,141427.16579718803,219996.0,141508.0,866782000.0,784660860.0
img_0174.jpg,0.6224657313544719,0.3227844716172569,220208.8925158053,142312.5171106461,220231.0,142374.0,867707650.0,789461950.0
img_0175.jpg,0.48142653233086763,0.44629350518128774,219653.3391108513,142997.25119272506,220116.0,142521.0,867254660.0,790276900.0
img_0176.jpg,0.50606983017779,0.42070151966651315,219750.40906107033,142855.36922503114,219799.0,142948.0,866006000.0,792644200.0
img_0177.jpg,0.8340710954426243,0.4820837939635949,221042.4060449485,143195.67255373418,221206.0,143151.0,871548160.0,793769660.0
img_0178.jpg,0.8638376039150013,0.4766083710285982,221159.6563218212,143165.31680898255,221206.0,143151.0,871548160.0,793769660.0
img_0179.jpg,0.7647438098524316,0.54228153459847,220769.32586700874,143529.40882781392,220922.0,143381.0,870429500.0,795044800.0
img_0180.jpeg,0.7668297803209794,0.5676825616009201,220777.54250468436,143670.23212151552,220849.0,143584.0,870141950.0,796170200.0
img_0181.jpeg,0.8410398625992181,0.4697534204605177,221069.85601877832,143127.31296303312,221209.0,143248.0,871560000.0,794307400.0
img_0182.jpeg,0.7693808694332778,0.5567096811159191,220787.5912446977,143609.39847210667,220676.0,143777.0,869460540.0,797240200.0
img_0183.jpg,0.18556366574755034,0.5213189249944016,218487.93527937963,143413.19212016897,218585.0,143383.0,861224060.0,795055900.0
img_0184.jpg,0.04733641018534086,0.6919711875570964,217943.45811972005,144359.28826381656,217891.0,144553.0,858490430.0,801542340.0
img_0185.jpg,0.15666856520517153,0.5560247836864081,218374.1174783432,143605.60140075744,218330.0,143713.0,860219650.0,796885400.0
img_0186.jpeg,0.8018822380110202,0.5072739790734635,220915.61413552542,143335.3269399833,221022.0,143237.0,870823400.0,794246460.0
img_0187.jpeg,0.7639737533105937,0.5289594232894148,220766.29261429043,143455.5510427165,220694.0,143664.0,869531400.0,796613700.0
img_0188.jpeg,0.7585484089211627,0.5295801818271697,220744.92218274047,143458.99252804986,220908.0,143330.0,870374340.0,794762050.0
img_0189.jpg,0.4283095879678789,0.173380206154428,219444.11146700548,141484.21986292014,219528.0,141478.0,864938560.0,784494500.0
img_0190.jpg,0.477070227931432,0.1897733454660314,219636.17962782193,141575.10342726368,219594.0,141552.0,865198500.0,784904770.0
img_0191.jpg,0.49253768181182644,0.20361810038033717,219697.1059286568,141651.8587485086,219681.0,141656.0,865541200.0,785481340.0
img_0192.jpg,0.6985343105389151,0.3343142771972535,220508.5266492128,142376.43835278158,220316.0,142251.0,868042500.0,788780000.0
img_0193.jpg,0.6653931392815354,0.3233821747632769,220377.98357562997,142315.83077688763,220385.0,142289.0,868314240.0,788990700.0
img_0194.jpg,0.8094503076520474,0.42295385508242755,220945.42476184142,142867.85617257698,220993.0,142836.0,870709200.0,792023300.0
img_0195.jpeg,0.9452928209233233,0.39154244561163326,221480.50842161698,142693.71131847092,221644.0,142672.0,873273500.0,791114050.0
img_0196.jpeg,0.8397866446300102,0.5086045636288751,221064.9195931976,143342.7037007585,221097.0,143332.0,871118850.0,794773100.0
img_0197.jpeg,0.8167933430068899,0.5059241054870649,220974.34897810416,143327.8432408203,221119.0,143319.0,871205500.0,794701060.0
img_0198.jpg,0.5044375826907905,0.5207195332778863,219743.97963821903,143409.86909249262,219557.0,143308.0,865052800.0,794640060.0
img_0199.jpg,0.509390299587833,0.5162482188678374,219763.4883900765,143385.0801254033,219920.0,143652.0,866482600.0,796547200.0
img_0200.jpg,0.6105646430374195,0.6044073010836131,220162.0141289244,143873.83407720755,220328.0,144022.0,868089700.0,798598460.0
img_0201.jpg,0.3083040743158554,0.626370990266121,218971.40974873016,143995.60077003538,218859.0,144029.0,862303360.0,798637300.0
img_0202.jpg,0.38226825443679613,0.567339379671683,219262.75465422653,143668.32952089983,219263.0,143600.0,863894700.0,796258900.0
img_0203.jpg,0.31770651415156065,0.6048432315897572,219008.445959243,143876.25087593362,218900.0,143920.0,862464830.0,798032960.0
img_0204.jpg,0.714542289764439,0.34520471762242333,220571.58207938212,142436.81495449872,220348.0,142313.0,868168500.0,789123800.0
img_0205.jpg,0.7728977837043229,0.409357447260998,220801.44437001133,142792.47768761497,220871.0,142679.0,870228600.0,791152900.0
img_0206.jpg,0.6818647222717733,0.33568251243462444,220442.86514102854,142384.02384893756,220458.0,142397.0,868601800.0,789589500.0
img_0207.jpeg,0.6540039611868552,0.3184602715437206,220333.12160311503,142288.5437454384,220313.0,142274.0,868030660.0,788907600.0
img_0208.jpeg,0.6158320418496499,0.34744298934087303,220182.76241284577,142449.22393290582,220238.0,142358.0,867735230.0,789373250.0
img_0209.jpeg,0.5217451938118558,0.4243518973460156,219812.1543184249,142875.6069188863,219848.0,142821.0,866199040.0,791940160.0
img_0210.jpg,0.37204114547017886,0.5596884046162923,219222.47007200704,143625.91251519273,219236.0,143718.0,863788350.0,796913100.0
img_0211.jpg,0.3302097221836298,0.5959083080207914,219057.69609568134,143826.71565966727,218972.0,144023.0,862748500.0,798604000.0
img_0212.jpg,0.3497810083174863,0.5805344442493728,219134.7873917626,143741.48295891852,219044.0,143872.0,863032060.0,797766850.0
img_0213.jpg,0.5316893395264877,0.20624983179394546,219851.32430839483,141666.44906746564,219889.0,141641.0,866360500.0,785398200.0
img_0214.jpg,0.6124486969416644,0.14730462472636258,220169.4354172532,141339.65683948295,220175.0,141247.0,867487100.0,783213900.0
img_0215.jpg,0.5460809508330557,0.20816637251346193,219908.01286533143,141677.07436921462,219844.0,141851.0,866183300.0,786562400.0
img_0216.jpg,0.49546693589039537,0.43700944986157025,219708.6442604723,142945.78039003254,219659.0,143056.0,865454500.0,793242940.0
img_0217.jpg,0.5085112524907589,0.44994068300888107,219760.0258235611,143017.47114660122,219773.0,142930.0,865903600.0,792544450.0
img_0218.jpg,0.4957251722090445,0.4506141731013269,219709.6614533314,143021.20497567378,219630.0,143106.0,865340350.0,793520200.0
img_0219.jpeg,0.7379262302201015,0.5480444378353688,220663.691420837,143561.3583633593,220624.0,143674.0,869255700.0,796669200.0
img_0220.jpeg,0.7938772951478199,0.4892771073779434,220884.08266558728,143235.55228330332,221022.0,143230.0,870823400.0,794207600.0
img_0221.jpeg,0.7737758081085473,0.5118923279906871,220804.90290813957,143360.93106638038,220791.0,143440.0,869913500.0,795371840.0
img_0222.jpg,0.4765106587487026,0.4624011449101031,219633.97548481115,143086.5519473816,219621.0,143140.0,865304900.0,793708700.0
img_0223.jpg,0.5138799417263669,0.4383919933263152,219781.17309046016,142953.44521100112,219702.0,143053.0,865623940.0,793226400.0
img_0224.jpg,0.510769454626093,0.4527033142389244,219768.92088177218,143032.7871741406,219591.0,143158.0,865186700.0,793808450.0
img_0225.jpg,0.40643759918275313,0.5333273447138647,219357.95770318087,143479.76679909366,219332.0,143574.0,864166500.0,796114750.0
img_0226.jpg,0.33025638316900197,0.5931262244719819,219057.8798933027,143811.29178847268,219021.0,143938.0,862941440.0,798132800.0
img_0227.jpg,0.41200453932211134,0.542398446613871,219379.8858803898,143530.0569880273,219512.0,143342.0,864875500.0,794828540.0
img_0228.jpg,0.41425930416793777,0.816973273628322,219388.7673991175,145052.29982899543,219425.0,145099.0,864532800.0,804569340.0
img_0229.jpg,0.5718893924712092,0.6953133199416498,220009.67231694408,144377.81704575653,219875.0,144559.0,866305400.0,801575600.0
img_0230.jpg,0.49102175039605955,0.7505184943345913,219691.13467481008,144683.874532591,219761.0,144706.0,865856300.0,802390600.0
img_0231.jpg,0.14828292205214735,0.5735218777212416,218341.0864299634,143702.60529008656,218959.0,142953.0,862697300.0,792671940.0
img_0232.jpg,0.13214994673265862,0.5844321020279009,218277.53864017996,143763.09157364268,218208.0,143867.0,859739100.0,797739140.0
img_0233.jpg,0.2726897630021162,0.4887382298427371,218831.12497646533,143232.56474624816,218906.0,143022.0,862488500.0,793054460.0
img_0234.jpg,0.7209880873510586,0.6250349727898626,220596.97207607582,143988.193889147,220521.0,144010.0,868850000.0,798532000.0
img_0235.jpg,0.6539523794734539,0.5599855212264457,220332.91842274595,143627.5597296794,220383.0,143628.0,868306370.0,796414140.0
img_0236.jpg,0.6377367893526842,0.5622407530282776,220269.04521326025,143640.06273478878,220355.0,143608.0,868196100.0,796303200.0
img_0237.jpeg,0.24750631075462606,0.045635032621609145,218731.92735806247,140776.0006208542,218744.0,140606.0,861850400.0,779660160.0
img_0238.jpeg,0.25896535912610574,0.07221625728811633,218777.06454959774,140923.36693040532,218838.0,140854.0,862220600.0,781035100.0
img_0239.jpeg,0.24100725806214415,0.039473942748136676,218706.3275895068,140741.84353859568,218624.0,140624.0,861377660.0,779759940.0
img_0240.jpg,0.20068967163723733,0.5112480733223583,218547.5166165791,143357.35931849916,218652.0,143309.0,861488000.0,794645600.0
img_0241.jpg,0.1935072768137392,0.5298424402621045,218519.22516336932,143460.44648881312,218575.0,143425.0,861184700.0,795288700.0
img_0242.jpg,0.08348501604523811,0.6385581535348224,218085.8474782022,144063.16640319707,218042.0,144087.0,859085200.0,798958850.0
img_0243.png,0.6011827094625499,0.3627727517434354,220125.058692573,142534.2121356656,220078.0,142520.0,867105000.0,790271360.0
img_0244.png,0.6175763124624037,0.33996790540774,220189.63309478943,142407.78206758053,220109.0,142471.0,867227100.0,789999740.0
img_0245.png,0.5414007644078179,0.42898481291428847,219889.5776110024,142901.29180279683,220047.0,142634.0,866982900.0,790903400.0
img_0246.png,0.341771593220429,0.8921588189622003,219103.23830569527,145469.12849232645,219194.0,145435.0,863622900.0,806432100.0
img_0247.png,0.4506898650852652,0.7930096953718837,219532.26737857086,144919.44575114173,219602.0,144885.0,865230000.0,803383000.0
img_0248.png,0.6034108223421885,0.6657622479165892,220133.8352292059,144213.98590244958,220161.0,144238.0,867431940.0,799796000.0
img_0249.jpg,0.24745735637998448,0.03973127884680194,218731.73452678075,140743.27020992668,218676.0,140601.0,861582500.0,779632450.0
img_0250.jpg,0.23554634721553935,0.04371249792043852,218684.81706168203,140765.3420884709,218758.0,140591.0,861905540.0,779577000.0
img_0251.jpg,0.26675118036982864,0.08154068021367095,218807.73289947677,140975.06153110458,218821.0,140842.0,862153660.0,780968600.0
img_0252.jpg,0.6773724518265187,0.640760708394009,220425.1700877447,144075.3773673364,220378.0,144173.0,868286700.0,799435650.0
img_0253.jpg,0.5442350275704338,0.7435370199396618,219900.74177359996,144645.1692385455,219961.0,144649.0,866644160.0,802074560.0
img_0254.jpg,0.6428725233292802,0.6655278622367662,220289.27486939405,144212.68646824063,220378.0,144173.0,868286700.0,799435650.0
img_0255.jpeg,0.38525358099567686,0.5583411611710976,219274.51385554197,143618.44339753257,219270.0,143668.0,863922300.0,796635900.0
img_0256.jpeg,0.33571841922862694,0.5909209712127395,219079.39485334157,143799.06586440344,218956.0,143979.0,862685440.0,798360060.0
img_0257.jpeg,0.3155740599419554,0.612049252923607,219000.04622211138,143916.20105820848,218907.0,144069.0,862492400.0,798859100.0
img_0258.jpg,0.10032722909605268,0.7140993670087412,218152.18895540937,144481.96689069647,218220.0,144778.0,859786300.0,802789760.0
img_0259.jpg,0.16336564715634494,0.5541254703834464,218400.49728414885,143595.07160780585,217976.0,144171.0,858825200.0,799424500.0
img_0260.jpg,0.0765072322911921,0.6601033624843258,218058.361987995,144182.6130416131,218288.0,143782.0,860054200.0,797267900.0
img_0261.jpeg,0.6427033408012858,0.5566501072179374,220288.60845941625,143609.06819441626,220331.0,143613.0,868101570.0,796331000.0
img_0262.jpeg,0.5944653926230472,0.529111083654337,220098.5991815422,143456.39184777965,220217.0,143563.0,867652540.0,796053760.0
img_0263.jpeg,0.7072445343766554,0.5965100926022449,220542.83622090967,143830.05195338684,220497.0,143793.0,868755460.0,797328900.0
img_0264.png,0.7565244936264588,0.5563325894579407,220736.94998039462,143607.30787595484,220667.0,143720.0,869425100.0,796924160.0
img_0265.png,0.7465120585099527,0.5620270601874093,220697.5109984707,143638.878021679,220673.0,143747.0,869448700.0,797073860.0
img_0266.png,0.9229452222757482,0.40760583437385867,221392.4812305442,142782.76674576866,221325.0,142853.0,872016900.0,792117570.0
img_0267.jpg,0.7892083812059376,0.40523062618763694,220865.6918135702,142769.59859158428,221043.0,142896.0,870906100.0,792355900.0
img_0268.jpg,0.7388137186609474,0.37036363523201865,220667.18723780548,142576.29599372632,220815.0,142678.0,870008060.0,791147300.0
img_0269.jpg,0.8106537537670566,0.4218826996746874,220950.16513608844,142861.91768699646,220814.0,142660.0,870004100.0,791047550.0
img_0270.jpg,0.46415311511340684,0.7999791365912816,219585.2991204317,144958.0843332621,219561.0,145066.0,865068540.0,804386400.0
img_0271.jpg,0.5275267259227803,0.7392930449772088,219834.92777340984,144621.64064135365,219757.0,144810.0,865840600.0,802967200.0
img_0272.jpg,0.49430726587393536,0.7593505169265371,219704.07632027744,144732.83926584074,219871.0,144726.0,866289600.0,802501440.0
img_0273.jpeg,0.4061581238670487,0.5409089874194559,219356.85684991232,143521.79942625348,219478.0,143393.0,864741570.0,795111300.0
img_0274.jpeg,0.3311693654579754,0.6022406282224237,219061.47613053897,143861.82204286513,219049.0,143949.0,863051800.0,798193800.0
img_0275.jpeg,0.3809483268001519,0.559257140401545,219257.5554592658,143623.52158638617,219225.0,143684.0,863745000.0,796724600.0
img_0276.jpg,0.5750495353813456,0.701943978416679,220022.12011986712,144414.57741634207,220105.0,144481.0,867211300.0,801143200.0
img_0277.jpg,0.4260625631757962,0.8412508929681463,219435.2604363495,145186.89495061542,219231.0,145522.0,863768640.0,806914500.0
img_0278.jpg,0.4211983320809616,0.8429678142901333,219416.10023006692,145196.4135624245,219422.0,145291.0,864521000.0,805633800.0
img_0279.jpeg,0.6175838370916542,0.5629075980816385,220189.66273430403,143643.7597237646,220120.0,143596.0,867270460.0,796236740.0
img_0280.jpeg,0.6651965804089695,0.5593357648123698,220377.20933023092,143623.9574801198,220464.0,143738.0,868625500.0,797024000.0
img_0281.jpg,0.6737973690038987,0.5703317092968063,220411.08783650637,143684.9189963415,220367.0,144022.0,868243400.0,798598460.0
img_0282.jpg,0.4635334311680668,0.7841658457098601,219582.85818537103,144870.41544861547,219533.0,144995.0,864958200.0,803992770.0
img_0283.jpg,0.6061293950918926,0.6732503881044156,220144.54368726697,144255.50015165086,220197.0,144228.0,867573760.0,799740540.0
img_0284.jpg,0.5105905271739641,0.7426337303446877,219768.21608653828,144640.16140103096,219654.0,144811.0,865434900.0,802972700.0
img_0285.jpg,0.6403693180634109,0.6564198252616504,220279.41474385178,144162.1915112506,220316.0,144225.0,868042500.0,799723900.0
img_0286.jpg,0.4242997572808964,0.8263470019293095,219428.31674392946,145104.2677786961,219170.0,145627.0,863528400.0,807496600.0
img_0287.jpg,0.5029330634846867,0.7681246789663939,219738.0533370662,144781.4832201897,219818.0,144793.0,866080830.0,802872900.0
img_0288.jpg,0.048571353789241004,0.6665678211292589,217948.32256257584,144218.45200034062,217850.0,144328.0,858328900.0,800294900.0
img_0289.jpg,0.09436381776303358,0.7492100320392343,218128.6990781686,144676.62041762553,218211.0,144794.0,859750900.0,802878460.0
img_0290.jpg,0.06319914732707377,0.6682304371867014,218005.94144132137,144227.66954376307,217832.0,144468.0,858258000.0,801071100.0
img_0291.jpg,0.15091954287319903,0.5649888936750904,218351.47207937753,143655.2984265347,218220.0,143834.0,859786300.0,797556200.0
img_0292.jpg,0.06394761470943652,0.6618008947842267,218008.88965434048,144192.02416068377,217832.0,144452.0,858258000.0,800982400.0
img_0293.jpg,0.06505596418630656,0.69670052817324,218013.25544292986,144385.50772819243,218033.0,144627.0,859049700.0,801952600.0
img_0294.jpeg,0.2867740237672132,0.6391492055052082,218886.60287961908,144066.4431953209,218918.0,144058.0,862535740.0,798798100.0
img_0295.jpeg,0.28711570619673893,0.6329651825425728,218887.94876670896,144032.15897201604,218918.0,144058.0,862535740.0,798798100.0
img_0296.jpeg,0.24713231216073372,0.7126777886603886,218730.45417760115,144474.08566033322,218531.0,144525.0,861011400.0,801387140.0
img_0297.jpg,0.5838714480457665,0.7098702349078947,220056.8696338523,144458.5205823294,220361.0,144141.0,868219700.0,799258240.0
img_0298.jpg,0.5315350999749706,0.7459911577107111,219850.71675880143,144658.7749783482,219958.0,144700.0,866632300.0,802357300.0
img_0299.jpg,0.5526112586422186,0.732571494184705,219933.7357477917,144584.37636376,220452.0,144132.0,868578200.0,799208300.0
img_0300.jpeg,0.8427979910308065,0.4379274649579208,221076.78128667036,142950.8698657267,221191.0,143042.0,871489100.0,793165400.0
img_0301.jpeg,0.7856220042041384,0.39986664719862935,220851.5650745601,142739.8606920692,220980.0,142837.0,870658000.0,792028860.0
img_0302.jpeg,0.7302931865672297,0.36552572389877336,220633.62486188833,142549.47461329482,220565.0,142434.0,869023300.0,789794600.0
img_0303.jpg,0.5210644495557553,0.6436912460908369,219809.47286680012,144091.6242683276,219826.0,144249.0,866112400.0,799856960.0
img_0304.jpg,0.5431229617550388,0.5526396125436425,219896.3613463531,143586.83401194197,219778.0,143502.0,865923260.0,795715600.0
img_0305.jpg,0.474884084870688,0.4961586857396203,219627.56841030566,143273.70375374047,219668.0,143350.0,865490000.0,794872900.0
img_0306.jpg,0.2641919287367587,0.656879607519516,218797.6520072941,144164.7405440882,218772.0,144224.0,861960640.0,799718340.0
img_0307.jpg,0.25120622422823446,0.6794046922000063,218746.50131723503,144289.61961355683,218852.0,144124.0,862275800.0,799163970.0
img_0308.jpg,0.17949419526438246,0.7400586322278901,218464.0276351464,144625.88505707143,218337.0,144731.0,860247200.0,802529150.0
img_0309.jpg,0.07692799244091753,0.7442949937760508,218060.01936222476,144649.37144549444,218256.0,144829.0,859928100.0,803072500.0
img_0310.jpg,0.10281959043934674,0.6192134407357701,218162.0063667406,143955.91931543913,218122.0,143965.0,859400300.0,798282500.0
img_0311.jpg,0.09786521618073915,0.6041915481288599,218142.49108653594,143872.6379428264,218074.0,144059.0,859211260.0,798803600.0
img_0312.jpg,0.483126521721855,0.4980872727943055,219660.03536906242,143284.39584037164,219530.0,143337.0,864946400.0,794800830.0
img_0313.jpg,0.5370952323325019,0.6581206518954275,219872.61812015774,144171.62089410826,219971.0,144159.0,866683500.0,799358000.0
img_0314.jpg,0.5412759940513088,0.6617844262793056,219889.08614056814,144191.93285929246,219822.0,144228.0,866096640.0,799740540.0
img_0315.jpg,0.6263465357556495,0.5495610692575599,220224.1790043415,143569.76656796393,220265.0,143574.0,867841600.0,796114750.0
img_0316.jpg,0.6286820453577566,0.5542155293650595,220233.37857666422,143595.5708947999,220151.0,143590.0,867392500.0,796203460.0
img_0317.jpg,0.6544587902006485,0.5820933988205287,220334.91317460037,143750.12580306103,220410.0,143590.0,868412740.0,796203460.0
img_0318.jpeg,0.8131725186372774,0.517897492863387,220960.08655091227,143394.22370043464,220983.0,143432.0,870669760.0,795327500.0
img_0319.jpeg,0.7870169500657304,0.5237721587893266,220857.0597663089,143426.79284832804,220765.0,143701.0,869811100.0,796818900.0
img_0320.jpeg,0.8137836433197989,0.5011786090743314,220962.4937710367,143301.5342087081,221071.0,143337.0,871016450.0,794800830.0
img_0321.jpg,0.5591839320345445,0.23218126933369493,219959.62550828408,141810.212957186,219785.0,141726.0,865950850.0,785869440.0
img_0322.jpg,0.5985583747105342,0.2835344639856909,220114.72143798482,142094.91506833668,219998.0,141990.0,866789900.0,787333060.0
img_0323.jpg,0.5436012379082684,0.23045799362499675,219898.2452761207,141800.65911665699,219856.0,141659.0,866230500.0,785498000.0
img_0324.jpg,0.2367778498040362,0.06006914094524274,218689.6679503781,140856.02331740042,218752.0,140529.0,861881860.0,779233300.0
img_0325.jpg,0.24579540451024645,0.052081607861818105,218725.18809836588,140811.74043398592,218582.0,140746.0,861212200.0,780436350.0
img_0326.jpg,0.248450671267951,0.06134587676637204,218735.64719412447,140863.10154079276,218582.0,140746.0,861212200.0,780436350.0
img_0327.jpg,0.19320600124833212,0.5207577064374498,218518.0384389172,143410.08072448923,218572.0,143400.0,861172860.0,795150100.0
img_0328.jpg,0.18921664628078466,0.5269316933927635,218502.3243697,143444.3093081695,218437.0,143556.0,860641100.0,796015000.0
img_0329.jpg,0.09024211979794092,0.7355845568042594,218112.4637098841,144601.08078292283,218256.0,144829.0,859928100.0,803072500.0
img_0330.jpg,0.1877636135759039,0.5257244869622741,218496.6008738755,143437.61655571885,218557.0,143436.0,861113800.0,795349700.0
img_0331.jpg,0.036914509991997135,0.6989078255678751,217902.40625485848,144397.7449849483,217805.0,144401.0,858151600.0,800699650.0
img_0332.jpg,0.24165494544702554,0.4781240945378772,218708.87883011583,143173.71998011798,218807.0,143152.0,862098500.0,793775170.0
img_0333.jpeg,0.7290550699973967,0.6314965158557204,220628.74792071973,144024.0166839041,220618.0,143878.0,869232060.0,797800100.0
img_0334.jpeg,0.691724865677569,0.5876067441775827,220481.70424590397,143780.69178972053,220618.0,143878.0,869232060.0,797800100.0
img_0335.jpeg,0.6891996523943156,0.5974562651518097,220471.7574307812,143835.29753400164,220618.0,143878.0,869232060.0,797800100.0
img_0336.jpeg,0.48613538745108176,0.4601447798938637,219671.8872911698,143074.04265973158,219754.0,142972.0,865828740.0,792777300.0
img_0337.jpeg,0.47527739753826403,0.44009254624196703,219629.11766890323,142962.87307636547,219087.0,142730.0,863201500.0,791435650.0
img_0338.jpeg,0.5791735224406295,0.3828176509490382,220038.36450489363,142645.34105686148,220089.0,142562.0,867148350.0,790504260.0
img_0339.jpg,0.5681199870672262,0.6934683059692468,219994.8246290578,144367.5882882935,220017.0,144581.0,866864700.0,801697600.0
img_0340.jpg,0.5115360167974026,0.7628832829171015,219771.94037016496,144752.42492049243,220017.0,144581.0,866864700.0,801697600.0
img_0341.jpg,0.5322682498926358,0.7531586373773159,219853.6046363271,144698.51148561985,219588.0,145089.0,865174900.0,804513900.0
img_0342.jpeg,0.5500398659556227,0.21521643250683556,219923.6070319992,141716.1599018179,220124.0,141339.0,867286200.0,783723900.0
img_0343.jpeg,0.6105324564121508,0.2784790031303559,220161.88734580748,142066.8875933547,219989.0,141978.0,866754400.0,787266560.0
img_0344.jpeg,0.5530785335236136,0.23572573520303058,219935.5763435495,141829.8634759656,219808.0,141789.0,866041500.0,786218750.0
img_0345.jpg,0.5234152509539121,0.7209104182948245,219818.73267350747,144519.72735902652,220124.0,144255.0,867286200.0,799890240.0
img_0346.jpg,0.4007505941184284,0.8227298103601902,219335.5565902325,145084.2140686369,219598.0,144981.0,865214300.0,803915200.0
img_0347.jpg,0.4840480994339582,0.7974544926372179,219663.66546367036,144944.08770718073,219598.0,144981.0,865214300.0,803915200.0
img_0348.jpg,0.46919175107941963,0.19249185479912118,219605.14630750185,141590.17484300633,219602.0,141542.0,865230000.0,784849340.0
img_0349.jpg,0.34925112581214685,0.12024021329112393,219132.70018457406,141189.61174248598,218855.0,140871.0,862287600.0,781129340.0
img_0350.jpg,0.4305213140666,0.17602304217156844,219452.82345610837,141498.87174579917,219477.0,141429.0,864737660.0,784222900.0
img_0351.jpg,0.79645440593974,0.42077377759562434,220894.23390499665,142855.76982299014,221043.0,142883.0,870906100.0,792283840.0
img_0352.jpg,0.7125561978106487,0.3579400162245549,220563.75886317616,142507.41944994894,220500.0,142385.0,868767200.0,789522940.0
img_0353.jpg,0.6765923384102253,0.31984663836574695,220422.09722099788,142296.2297630997,220500.0,142385.0,868767200.0,789522940.0
img_0354.jpeg,0.4350055552425323,0.16672753857544814,219470.48688210035,141447.33747386228,219287.0,141256.0,863989250.0,783263740.0
img_0355.jpeg,0.39297675518880293,0.14905749944877325,219304.9354386887,141349.374776944,219229.0,141241.0,863760800.0,783180600.0
img_0356.jpeg,0.369839451321206,0.14151297665171764,219213.79759875423,141307.54794255714,219246.0,141245.0,863827800.0,783202800.0
img_0357.jpg,0.38659905156396746,0.14381431373726428,219279.8136641105,141320.3065553594,219106.0,141154.0,863276300.0,782698300.0
img_0358.jpg,0.4011608650338482,0.15017869196108202,219337.17264736834,141355.59066823224,219269.0,141254.0,863918340.0,783252700.0
img_0359.jpg,0.48287950510872146,0.20840427847957968,219659.06237062326,141678.3933198908,219675.0,141638.0,865517600.0,785381570.0
img_0360.jpg,0.33471568609189695,0.5824277820648671,219075.44508751598,143751.97962376763,219055.0,143757.0,863075400.0,797129340.0
img_0361.jpg,0.31896909120838135,0.5998212512836111,219013.41925026983,143848.40901711636,219030.0,143794.0,862976900.0,797334460.0
img_0362.jpg,0.32451749190182805,0.6005762949077115,219035.2744006013,143852.59497896835,218841.0,143976.0,862232450.0,798343400.0
img_0363.jpg,0.3437077395680287,0.5951764986552781,219110.8647861585,143822.65850854488,219079.0,143837.0,863169900.0,797572860.0
img_0364.jpeg,0.31933629474769404,0.6006923497849224,219014.86566501117,143853.23838720762,219077.0,143883.0,863162050.0,797827840.0
img_0365.jpg,0.3934877560009412,0.577289012109254,219306.94827088772,143723.49028313372,219301.0,143588.0,864044400.0,796192400.0
img_0366.jpg,0.19145824865127248,0.7184979212945051,218511.15404143737,144506.35247565675,218513.0,144553.0,860940500.0,801542340.0
img_0367.jpg,0.2292809946803101,0.6803012210584372,218660.13783804575,144294.58996954796,218658.0,144384.0,861511600.0,800605400.0
img_0368.jpg,0.20700434009672086,0.7032306741856473,218572.390095641,144421.71085768525,218645.0,144424.0,861460400.0,800827140.0
